DATE,CPI_YoY,Ind_Prod,Exchange_Rate,M2,Bond_Yield_10Y,REER,Unemployment,Exports,Imports,Real_GDP_Q
1960-01-01,7.09494625631093,,,24200000000.0,,,,1364655.0,24674030.0,7530100.0
1960-02-01,8.24067550310451,,,24200000000.0,,,,2887156.0,30921910.0,
1960-03-01,8.73872937934353,,,23600000000.0,,,,1048341.0,26764990.0,
1960-04-01,9.64279976436565,,,23700000000.0,,,,2889358.0,30906390.0,7878400.0
1960-05-01,8.029911725481089,,,23400000000.0,,,,2851803.0,28752270.0,
1960-06-01,9.804111610075488,,,23300000000.0,,,,2920349.0,29871440.0,
1960-07-01,11.4034850004065,,,23000000000.0,,,,1837181.0,24643550.0,7788800.0
1960-08-01,11.5476152015421,,,22600000000.0,,,,1986153.0,32406670.0,
1960-09-01,5.681852997947232,,,22000000000.0,,,,3606646.0,27573420.0,
1960-10-01,4.870203044645232,,,22200000000.0,,,,2057575.0,27474950.0,7834300.0
1960-11-01,6.14303748248917,,,23500000000.0,,,,3877198.0,26690490.0,
1960-12-01,4.77714693504886,,,24900000000.0,,,,3725141.0,30936360.0,
1961-01-01,10.4098339353933,,,25300000000.0,,,,3658924.0,22333660.0,8081800.0
1961-02-01,10.5973769724831,,,23700000000.0,,,,3146193.0,25800180.0,
1961-03-01,10.6814033358643,,,24000000000.0,,,,2899201.0,26873360.0,
1961-04-01,8.20178180681464,,,24500000000.0,,,,3167996.0,28737440.0,8431400.0
1961-05-01,10.4066546154637,,,25600000000.0,,,,3457905.0,31911960.000000004,
1961-06-01,5.5559369575238,,,27100000000.0,,,,3142205.0,32813460.000000004,
1961-07-01,7.18480138169258,,,28500000000.0,,,,3427423.0,23487410.0,8279500.0
1961-08-01,7.910158135583421,,,33800000000.0,,,,3191543.0,23496470.0,
1961-09-01,7.624624929334499,,,35300000000.0,,,,3401096.0,22730110.0,
1961-10-01,9.09073147858708,,,35600000000.0,,,,3299463.0,25322790.0,8386200.0
1961-11-01,6.59845238214717,,,37100000000.0,,,,3741527.0,25482340.0,
1961-12-01,4.25535111529562,,,39700000000.0,,,,3852189.0,25538020.0,
1962-01-01,-0.475937163113196,,,41600000000.0,,,,3553743.0,32455050.0,8551100.0
1962-02-01,0.930191923929358,,,41400000000.0,,,,3133720.0,29498640.0,
1962-03-01,2.57324713440037,,,42000000000.0,,,,3910033.999999999,33206240.0,
1962-04-01,3.83518110577444,,,44400000000.0,,,,4107647.0,33025140.0,8387500.0
1962-05-01,4.0390997994427,,,46700000000.0,,,,2724128.0,30172090.0,
1962-06-01,8.36445906269744,,,47500000000.0,,,,7672325.0,28774510.0,
1962-07-01,6.88747373055608,,,50500000000.0,,,,3795579.0,45903870.0,8640800.0
1962-08-01,8.41597666751656,,,52000000000.0,,,,3799628.0,36146560.0,
1962-09-01,7.44811238164507,,,53500000000.0,,,,3852097.0,33068210.0,
1962-10-01,7.79008542722567,,,52900000000.0,,,,7800331.0,46559750.0,8900800.0
1962-11-01,13.2382086685529,,,52100000000.0,,,,4318146.0,41161980.0,
1962-12-01,16.9098114567071,,,49700000000.0,,,,5483686.0,34794100.0,
1963-01-01,18.0864851569447,,,53000000000.0,,,,5308240.0,40322940.0,9407900.0
1963-02-01,16.2210428008474,,,51200000000.0,,,,5492920.0,38998620.0,
1963-03-01,13.6206400177168,,,50000000000.0,,,,8632213.0,41844160.0,
1963-04-01,15.3036204917748,,,50700000000.0,,,,7662241.0,41876500.0,9176400.0
1963-05-01,11.8204499413584,,,51400000000.0,,,,6672967.0,51363800.0,
1963-06-01,15.4380715164558,,,52000000000.0,,,,7291200.0,55868590.0,
1963-07-01,28.5221689520016,,,51300000000.0,,,,6814845.0,47913860.0,9492500.0
1963-08-01,26.961813793245696,,,52700000000.0,,,,10554730.0,51730580.0,
1963-09-01,26.7959436930444,,,57400000000.0,,,,7348793.0,54975240.0,
1963-10-01,21.2600780072026,,,56200000000.0,,,,7424671.0,56073990.0,9509900.0
1963-11-01,24.0538113609153,,,55400000000.0,,,,6892447.0,50332250.0,
1963-12-01,28.511732826027096,,,53500000000.0,,,,6259908.0,33078900.0,
1964-01-01,32.1711683203217,,,55700000000.0,,,,8211563.0,33834090.0,10057100.0
1964-02-01,38.3025428146964,,,55300000000.0,,,,7478938.0,28161100.0,
1964-03-01,40.4569499506874,,,55300000000.0,,,,6869656.0,39438340.0,
1964-04-01,38.596517686803,,,54800000000.0,,,,7411271.0,31763560.000000004,9762300.0
1964-05-01,46.7594234737272,,,56400000000.0,,,,9564372.0,27743690.0,
1964-06-01,36.3636026025729,,,57700000000.0,,,,13410300.0,36033450.0,
1964-07-01,18.1151351547812,,,58500000000.0,,,,8606819.0,19273450.0,10436900.0
1964-08-01,15.1869773911235,,,59500000000.0,,,,10557630.0,30405630.0,
1964-09-01,20.999993409389,,,62000000000.0,,,,10251910.0,49603420.0,
1964-10-01,28.413318261227,,,63400000000.0,,,,9360538.0,34473550.0,10873600.0
1964-11-01,25.5593088564496,,,64700000000.0,,,,13536260.0,41575330.0,
1964-12-01,20.8282177204829,,,61700000000.0,,,,10270250.0,31432610.0,
1965-01-01,19.64941629996,,,64800000000.0,,,,10236250.0,19240140.0,10988000.0
1965-02-01,14.3343017076454,,,65100000000.0,,,,12033430.0,29025470.0,
1965-03-01,12.2089311981349,,,64700000000.0,,,,10612970.0,39161340.0,
1965-04-01,11.6721165198561,,,71400000000.0,,,,11865770.0,34643710.0,11002300.0
1965-05-01,8.81259908001768,,,70800000000.0,,,,14701940.0,35382270.0,
1965-06-01,13.0208148936924,,,72100000000.0,,,,13627500.0,34411220.0,
1965-07-01,17.6013136435986,,,74900000000.0,,,,14008770.0,41147800.0,10936000.0
1965-08-01,19.7653783542064,,,77400000000.0,,,,16876190.0,44653580.0,
1965-09-01,15.0633597411687,,,79800000000.0,,,,16283619.999999998,41154990.0,
1965-10-01,12.0367480533615,,,84400000000.0,,,,15542320.0,46171910.0,11211800.0
1965-11-01,10.2024693466854,,,86100000000.0,,,,16748210.0,38664740.0,
1965-12-01,9.602235441055088,,,93700000000.0,,,,17062450.0,55156280.0,
1966-01-01,7.42147922998985,,,98600000000.0,,,,18890920.0,39884490.0,11868100.0
1966-02-01,8.10609816559246,,,100400000000.0,,,,21280280.0,54452820.0,
1966-03-01,9.596834034133082,,,102700000000.0,,,,21853330.0,42658840.0,
1966-04-01,9.06211936662606,,,106600000000.0,,,,20717080.0,55401460.0,12604900.0
1966-05-01,9.88774779078099,,,109600000000.0,,,,19514040.0,51475630.0,
1966-06-01,11.0602409638554,,,113900000000.0,,,,21543890.0,55783510.0,
1966-07-01,9.13415794481447,,,117400000000.0,,,,18992410.0,52199450.0,12400500.0
1966-08-01,10.3180212014134,,,121400000000.0,,,,19253990.0,57407270.0,
1966-09-01,12.8994082840237,,,128400000000.0,,,,22794250.0,52707590.0,
1966-10-01,16.5238095238095,,,132500000000.0,,,,18942910.0,63900240.0,12564700.0
1966-11-01,15.5243400339065,,,136300000000.0,,,,20888180.0,53093940.0,
1966-12-01,15.2583293095123,,,142000000000.0,,,,23718720.0,121877300.0,
1967-01-01,13.1572742277765,,,149900000000.0,,,,22779820.0,70649890.0,12971700.0
1967-02-01,11.6487044255905,,,153500000000.0,,,,24758930.0,71916330.0,
1967-03-01,11.3969758519522,,,158800000000.0,,,,25070850.0,65686890.0,
1967-04-01,13.200804109895,,,171500000000.0,,,,23335840.0,79159190.0,13256500.0
1967-05-01,11.214953271028,,,176500000000.0,,,,24765480.0,63159030.00000001,
1967-06-01,9.78520286396183,,,181000000000.0,,,,24993360.0,59993520.0,
1967-07-01,10.462074978204,,,189400000000.0,,,,24262380.0,83103700.0,13823000.0
1967-08-01,9.54516335682256,,,197000000000.0,,,,26996900.0,78884270.0,
1967-09-01,9.26624737945494,,,204200000000.0,,,,25094440.0,87798010.0,
1967-10-01,8.19370657948506,,,209200000000.0,,,,32051200.000000004,105430400.0,13911300.0
1967-11-01,11.6981132075472,,,218400000000.0,,,,32016900.0,96045160.0,
1967-12-01,11.5207373271889,,,229100000000.0,,,,30168810.0,127493200.0,
1968-01-01,13.0860595957491,,,239800000000.0,,,,33665430.0,106626000.0,14750800.0
1968-02-01,13.2470733210105,,,246300000000.0,,,,32946470.0,93547280.0,
1968-03-01,12.8038897893031,,,260500000000.0,,,,34103460.0,106718100.0,
1968-04-01,9.78689818468824,,,290200000000.0,,,,38183610.0,106781200.0,15011800.0
1968-05-01,8.97009966777409,,,294600000000.0,,,,34570990.0,117006900.0,
1968-06-01,10.6126482213439,,,305200000000.0,,,,37291040.0,114947800.0,
1968-07-01,10.3591160220994,,,322700000000.0,,,,37629190.0,108644600.0,15831900.0
1968-08-01,9.74658869395712,,,332400000000.0,,,,37787700.0,125101400.0,
1968-09-01,8.57636224098235,,,355200000000.0,,,,40047460.0,122659700.0,
1968-10-01,9.763928234183208,,,368100000000.0,,,,39747730.0,120244300.0,15503500.0
1968-11-01,11.6366366366366,,,374100000000.0,,,,41299590.0,138716800.0,
1968-12-01,11.0255447032306,,,394000000000.0,,,,44277790.0,181990800.0,
1969-01-01,11.7376082550212,,,407600000000.0,,,,43626290.0,122412200.0,16266500.0
1969-02-01,10.645629307218,,,419400000000.0,,,,40706430.0,120483900.0,
1969-03-01,10.3987068965517,,,433300000000.0,,,,43743530.0,122832900.0,
1969-04-01,11.0711718188354,,,446200000000.0,,,,47111220.0,137538700.0,16883400.0
1969-05-01,11.5674318507891,,,471400000000.0,,,,52624470.0,149063200.0,
1969-06-01,11.5240307307486,,,485900000000.0,,,,55283070.0,135733100.0,
1969-07-01,11.6037904523512,,,507000000000.0,,,,53471640.0,148836500.0,18296300.0
1969-08-01,11.4564831261101,,,525300000000.0,,,,52518010.0,215876300.0,
1969-09-01,14.4548506803322,,,569600000000.0,,,,49253850.0,167922000.0,
1969-10-01,14.4356503785272,,,580600000000.0,,,,51671140.0,138963000.0,18566200.0
1969-11-01,13.0632145258911,,,605700000000.0,,,,57464020.0,188248000.0,
1969-12-01,16.291659617662,,,609600000000.0,,,,64888760.0,166723900.0,
1970-01-01,14.8746701846966,,,601900000000.0,,,,63817429.99999999,154336400.0,18254500.0
1970-02-01,16.472709391903,,,609600000000.0,,,,61081820.0,145127900.0,
1970-03-01,18.1226614608752,,,605200000000.0,,,,66685869.99999999,149289600.0,
1970-04-01,20.0,,,618500000000.0,,,,66864660.00000001,146520300.0,19063700.0
1970-05-01,18.0196109950169,,,637000000000.0,,,,64226149.99999999,146399400.0,
1970-06-01,15.1393784043576,,,643400000000.0,,,,65994890.0,138907200.0,
1970-07-01,15.9724447292534,,,663900000000.0,,,,75897310.0,155111800.0,19213800.0
1970-08-01,16.1752988047809,,,677000000000.0,,,,71215090.0,160439800.0,
1970-09-01,15.28485409912,,,698800000000.0,,,,68569480.0,157526600.0,
1970-10-01,14.4790257104195,,,707800000000.0,,,,75597790.0,205042300.0,20598700.0
1970-11-01,13.0111524163569,,,728000000000.0,,,,70167140.0,178664400.0,
1970-12-01,14.4166424207157,,,761500000000.0,,,,77044010.0,230824900.0,
1971-01-01,15.862761986793,,,775400000000.0,,,,77475080.0,139289900.0,20739900.0
1971-02-01,15.8598367576696,,,780400000000.0,,,,74767210.0,233311700.0,
1971-03-01,15.5212780608731,,,799100000000.0,,,,79158350.0,173406800.0,
1971-04-01,12.6078748651564,,,831000000000.0,,,,80278640.0,199911400.0,21485500.0
1971-05-01,11.727049850177,,,841700000000.0,,,,84676880.0,201353600.0,
1971-06-01,13.9418394323083,,,850200000000.0,,,,91822290.0,230285500.0,
1971-07-01,15.1540267992817,,,860200000000.0,,,,90629350.0,234538300.0,21525400.0
1971-08-01,15.363511659808,,,871200000000.0,,,,85405790.0,212413100.0,
1971-09-01,14.5038167938931,,,929900000000.0,,,,90856160.0,199852400.0,
1971-10-01,11.4131862358813,,,932600000000.0,,,,95445870.0,193814500.0,21595400.0
1971-11-01,11.8157894736842,,,972400000000.0,,,,107580500.0,195819500.0,
1971-12-01,9.07819453274,,,985000000000.0,,,,98125270.0,180577500.0,
1972-01-01,7.94201462024532,,,1020300000000.0,,,,99411930.0,138887600.0,22003900.0
1972-02-01,9.20685047977652,,,1029200000000.0,,,,122636000.0,193952000.0,
1972-03-01,10.1812112541726,,,1029500000000.0,,,,106302200.0,205675200.0,
1972-04-01,11.3758831277691,,,1040400000000.0,,,,112384300.0,202022900.0,22679300.0
1972-05-01,13.8364013165915,,,1056600000000.0,,,,122279000.0,218164400.0,
1972-06-01,14.653803883258,,,1096100000000.0,,,,126958400.0,209446000.0,
1972-07-01,13.8675623800384,,,1125100000000.0,,,,134221300.0,197566400.0,23012100.0
1972-08-01,14.6135552913198,,,1164100000000.0,,,,150039000.0,207601800.0,
1972-09-01,12.8304093567251,,,1227800000000.0,,,,155264200.0,255143600.00000003,
1972-10-01,12.4130614169515,,,1248500000000.0,,,,142115100.0,229363600.0,23912600.0
1972-11-01,10.1435631913392,,,1300900000000.0,,,,155953200.0,202874900.0,
1972-12-01,9.1852197225784,,,1315800000000.0,,,,177282100.0,256992400.0,
1973-01-01,7.851239669421501,,,1394900000000.0,,,,182924400.0,255325200.0,24863100.0
1973-02-01,4.83817150483818,,,1412700000000.0,,,,199806100.0,224916800.0,
1973-03-01,2.153213590132,,,1431000000000.0,,,,226307800.0,325740500.0,
1973-04-01,2.05354262982474,,,1466000000000.0,,,,223630100.0,353588500.0,25899400.0
1973-05-01,2.20603983722427,,,1479100000000.0,,,,242796300.0,374321700.0,
1973-06-01,1.41655128341676,,,1507900000000.0,,,,226929400.0,339867300.0,
1973-07-01,0.853350189633389,,,1552700000000.0,,,,241731100.0,370283200.0,27124300.0
1973-08-01,0.311235605353273,,,1572100000000.0,,,,291152400.0,362355200.0,
1973-09-01,1.06768943713071,,,1650100000000.0,,,,308645200.0,384635000.0,
1973-10-01,2.40142617449666,,,1696700000000.0,,,,351589600.0,413443600.0,27439200.0
1973-11-01,5.57692307692308,,,1751400000000.0,,,,351229800.0,400092100.0,
1973-12-01,8.48724244688801,,,1790600000000.0,,,,333044100.0,392896100.0,
1974-01-01,12.7820349084717,,,1807700000000.0,,,,374191900.0,504021500.0,28845800.0
1974-02-01,18.353490345851895,,,1833600000000.0,,,,379047400.0,482418900.0,
1974-03-01,22.6141298591251,,,1820600000000.0,,,,390842600.0,531207200.0,
1974-04-01,24.2098609355246,,,1818700000000.0,,,,397712600.0,535882100.0,28663400.0
1974-05-01,24.1512992455993,,,1837600000000.0,,,,395319200.0,580170200.0,
1974-06-01,23.5034656584751,,,1859800000000.0,,,,410497000.0,645161200.0,
1974-07-01,25.5405828893764,,,1894300000000.0,,,,385758300.0,616771900.0,29042400.0
1974-08-01,28.182852414934295,,,1937100000000.0,,,,360870600.0,630046100.0,
1974-09-01,29.2307692307692,,,2070700000000.0,,,,378544400.0,568455000.0,
1974-10-01,27.8238607270865,,,1976400000000.0,,,,334354300.0,615212500.0,28937100.0
1974-11-01,28.020643594414096,,,2060700000000.0,,,,337491900.0,605643500.0,
1974-12-01,26.451485927966896,,,2175400000000.0,,,,315445600.0,524829600.0,
1975-01-01,25.4411625931867,,,2191500000000.0,,,,320208300.0,592107400.0,29533300.0
1975-02-01,21.3069200430262,,,2259000000000.0,,,,356347700.0,711188300.0,
1975-03-01,19.108500345542495,,,2264400000000.0,,,,334296300.0,694297900.0,
1975-04-01,20.636132315521696,,,2260500000000.0,,,,339975900.0,670649500.0,30780000.0
1975-05-01,24.339606717866495,,,2283500000000.0,,,,385720600.0,601152200.0,
1975-06-01,26.938775510204096,,,2423100000000.0,,,,386478800.0,603368600.0,
1975-07-01,26.468630387751695,,,2442300000000.0,,,,412240800.0,458904500.0,31660500.0
1975-08-01,25.2944973374213,,,2478900000000.0,,,,437169700.0,518224600.00000006,
1975-09-01,27.531746031746,,,2643000000000.0,,,,439096800.0,524596100.0,
1975-10-01,30.539977567697495,,,2517600000000.0,,,,465583600.0,563660000.0,32674900.0
1975-11-01,27.8476009801597,,,2603600000000.0,,,,474539100.0,751135100.0,
1975-12-01,26.451361867704296,,,2723300000000.0,,,,526638200.0,593547300.0,
1976-01-01,23.027157150379896,,,2676900000000.0,,,,538861700.0,631977600.0,33709800.0
1976-02-01,22.1754230399763,,,2702600000000.0,,,,526831800.0,656112200.0,
1976-03-01,21.9828836669568,,,2840600000000.0,,,,561746300.0,623866600.0,
1976-04-01,19.5176826267313,,,2855900000000.0,,,,607014100.0,683019000.0,35174800.0
1976-05-01,16.0931242788298,,,2894800000000.0,,,,634929400.0,741995500.0,
1976-06-01,15.6819399785637,,,2921600000000.0,,,,676599600.0,684662200.0,
1976-07-01,15.7905125337193,,,3048700000000.0,,,,712917900.0,886134400.0,35942900.0
1976-08-01,14.4890205422113,,,3110000000000.0,,,,678795300.0,754285800.0,
1976-09-01,11.481735017736,,,3258600000000.0,,,,649067300.0,850786200.0,
1976-10-01,8.74555050938996,,,3147700000000.0,,,,684750900.0,717046500.0,36353600.0
1976-11-01,9.45962656114752,,,3242000000000.0,,,,692951100.0,782543700.0,
1976-12-01,9.60059080558804,,,3679800000000.0,,,,692303500.0,735073700.0,
1977-01-01,9.72239207533326,,,3643000000000.0,,,,791674300.0,790274300.0,36753800.0
1977-02-01,11.0681020926576,,,3732100000000.0,,,,762602000.0,766893000.0,
1977-03-01,10.7021820560081,,,3830400000000.0,,,,780126200.0,861944000.0,
1977-04-01,9.618212836049182,,,3870100000000.0,,,,798414400.0,890443500.0,38566500.0
1977-05-01,10.0853601496726,,,3991400000000.0,,,,769910600.0,863819400.0,
1977-06-01,10.0758584747235,,,4148400000000.0,,,,815205900.0,1028201000.0,
1977-07-01,9.381214841752382,,,4289200000000.0,,,,826440300.0,821083000.0,40925700.0
1977-08-01,9.70808256932336,,,4349900000000.0,,,,842970200.0,905386600.0,
1977-09-01,9.21625544267054,,,4696900000000.0,,,,869219500.0,915991900.0,
1977-10-01,10.079575596817,,,4696500000000.0,,,,679630700.0,987547900.0,42409500.0
1977-11-01,10.5964753727971,,,4776000000000.0,,,,929847400.0,972511900.0,
1977-12-01,10.9551350440788,,,5155700000000.0,,,,1083261000.0,980790400.0,
1978-01-01,13.2969237628177,,,5145900000000.0,,,,993512200.0,1017311000.0,42149400.0
1978-02-01,12.9928120235243,,,5388000000000.0,,,,967238600.0,1037203000.0,
1978-03-01,12.8954294000752,,,5424700000000.0,,,,1040965000.0,1060685000.0,
1978-04-01,12.6435547923151,,,5473200000000.0,,,,1024639000.0,1094549000.0,43433800.0
1978-05-01,12.5922778692442,,,5457300000000.0,,,,991386300.0,1118494000.0,
1978-06-01,14.6036088168762,,,5609800000000.0,,,,984720900.0,1155424000.0,
1978-07-01,14.8051948051948,,,5742800000000.0,,,,1025349000.0,1223997000.0,44285500.0
1978-08-01,13.5349910279415,,,6110600000000.0,,,,1042458000.0,1317630000.0,
1978-09-01,15.4868387426527,,,6328800000000.0,,,,1123821000.0,1359913000.0,
1978-10-01,16.8418354268136,,,6455800000000.0,,,,1183003000.0,1504632000.0,46349200.0
1978-11-01,17.0071501532176,,,6613400000000.0,,,,1150711000.0,1559052000.0,
1978-12-01,16.3967611336032,,,6981800000000.0,,,,1140488000.0,1501643000.0,
1979-01-01,14.0924741760945,,,6803900000000.0,,,,1065093000.0,1364874000.0,48541200.0
1979-02-01,15.6915662650602,,,7443200000000.0,,,,1179306000.0,1568094000.0,
1979-03-01,16.2749762131304,,,6995400000000.0,,,,1236638000.0,1581293000.0,
1979-04-01,19.299666507860895,,,7019900000000.0,,,,1168125000.0,1541695000.0,48849100.0
1979-05-01,21.7971698113208,,,6989900000000.0,,,,1227295000.0,1806738000.0,
1979-06-01,19.6281845306403,,,7349100000000.0,,,,1207086000.0,1815359000.0,
1979-07-01,18.466063348416295,,,7396400000000.0,,,,1251035000.0,1629317000.0,47467000.0
1979-08-01,18.631745314969496,,,7490300000000.0,,,,1344094000.0,1831693000.0,
1979-09-01,17.8623589289666,,,7940700000000.0,,,,1361161000.0,1818325000.0,
1979-10-01,17.6437033786749,,,8061800000000.0,,,,1328331000.0,1657876000.0,46756500.0
1979-11-01,18.7952859013531,,,8391200000000.0,,,,1337946000.0,1779477000.0,
1979-12-01,21.204347826087,,,9058600000000.0,,,,1290547000.0,1879693000.0,
1980-01-01,25.3934037508084,,,9500800000000.0,,,,1321292000.0,1708921000.0,47272000.0
1980-02-01,26.410064150629,,,9812200000000.0,,,,1470673000.0,1994487000.0,
1980-03-01,28.7795098400229,,,9947300000000.0,,,,1445332000.0,1930336000.0,
1980-04-01,26.6203426380736,,,9974700000000.0,,,,1370185000.0,1849627000.0,46962700.0
1980-05-01,26.6527245265482,,,10193900000000.0,,,,1368217000.0,1805179000.0,
1980-06-01,27.0173822953839,,,10402400000000.0,,,,1378837000.0,1693237000.0,
1980-07-01,27.4512050723808,,,10763100000000.0,,,,1450590000.0,1963666000.0,47827000.0
1980-08-01,29.1614327585551,,,11027500000000.0,,,,1508127000.0,1865602000.0,
1980-09-01,29.7848372197815,,,11535200000000.0,,,,1495293000.0,1635870000.0,
1980-10-01,32.5053149826564,,,11634400000000.0,,,,1578929000.0,2016730000.0,46631400.0
1980-11-01,31.2646972369194,,,12248800000000.0,,,,1569585000.0,1785138000.0,
1980-12-01,32.2021738350611,,,13087400000000.0,,,,1520649000.0,1996557000.0,
1981-01-01,28.7639676809352,,,13015500000000.0,,,,1745166000.0,1998489000.0,48571000.0
1981-02-01,24.3986027812562,,,13392300000000.0,,,,1775142000.0,2204578000.0,
1981-03-01,22.2589356632248,,,13839200000000.0,,,,1704281000.0,2151365000.0,
1981-04-01,22.4114548837796,,677.1679,14211600000000.0,,,,1814440000.0,2259255000.0,49711800.0
1981-05-01,21.322202856007095,,681.905,14248800000000.0,,,,1740476000.0,2168644000.0,
1981-06-01,23.167784423901896,,684.3727,14808500000000.0,,,,1808764000.0,2119317000.0,
1981-07-01,23.3816830496284,,686.4674,15080500000000.0,,,,1903582000.0,2343147000.0,51715600.0
1981-08-01,22.604031592597,,687.8071,15491500000000.0,,,,1794287000.0,2169691000.0,
1981-09-01,21.902033966958896,,686.7,15943100000000.0,,,,1828317000.0,2062245000.0,
1981-10-01,18.316162810336095,,683.8143,16609300000000.0,,,,1864245000.0,2082615000.0,52665200.0
1981-11-01,16.6354093771868,,688.5639,16620200000000.0,,,,1630631000.0,2039381000.0,
1981-12-01,13.6918651978076,,694.6841,17814100000000.0,,,,1645045000.0,2440410000.0,
1982-01-01,12.4135537101813,,705.17,18013100000000.0,,,,1870589000.0,2070213000.0,53051200.0
1982-02-01,12.0503311258278,,710.0556,18600300000000.0,,,,1860343000.0,1938915000.0,
1982-03-01,10.9560562355448,,714.6761,19047600000000.0,,,,1783112000.0,2030287000.0,
1982-04-01,10.1795790070337,,721.0318,19619500000000.0,,,,1868503000.0,2150902000.0,54194600.0
1982-05-01,8.61982054642603,,724.35,20003600000000.0,,,,1879576000.0,1734672000.0,
1982-06-01,6.35255451178534,,738.3,20783900000000.0,,,,1741850000.0,2041372000.0,
1982-07-01,5.56473160068009,,743.0643,21373300000000.0,,,,1804272000.0,1887219000.0,55298900.0
1982-08-01,4.78823133503196,,744.45,21739700000000.0,,,,1866095000.0,2047889000.0,
1982-09-01,3.9399045878527503,,743.6119,22837600000000.0,,,,2012092000.0,2223964000.0,
1982-10-01,3.949277948278711,,743.6475,23034200000000.0,,,,2085223000.0,1997855000.0,57281000.0
1982-11-01,4.22386483632523,,745.6026,23499600000000.0,,,,1454994000.0,2154022000.0,
1982-12-01,4.83532219570407,,746.3587,24413700000000.0,,,,1609735000.0,1969432000.0,
1983-01-01,5.12589073634205,,749.8048,24293600000000.0,,,,1674014000.0,1937180000.0,59706700.0
1983-02-01,5.33582354192769,,752.1921,24804400000000.0,,,,1837710000.0,2262734000.0,
1983-03-01,4.74272197109866,,757.9413,24891600000000.0,,,,1928631000.0,2150504000.0,
1983-04-01,4.269946684126831,,765.2881,25481200000000.0,,,,1923004000.0,1778652000.0,61414500.0
1983-05-01,3.77297196955636,,767.9643,25869400000000.0,,,,1976290000.0,2039557000.0,
1983-06-01,3.06265999400384,,775.8227,26586300000000.0,,,,2118802000.0,2136938000.0,
1983-07-01,2.82552173212767,,779.88,27307700000000.0,,,,2111956000.0,2093511000.0,63773500.0
1983-08-01,2.5875120429417,,787.1935,27448200000000.0,,,,2081852000.0,1915530000.0,
1983-09-01,2.27433608110885,,790.8262,28251500000000.0,,,,2200011000.0,2308290000.0,
1983-10-01,2.43288398599319,,791.37,28321000000000.0,,,,2366274000.0,2645545000.0,64534400.0
1983-11-01,2.8276687851156095,,796.3184,29076400000000.0,,,,1982342000.0,2356979000.0,
1983-12-01,1.9646678504758,,799.2357,30006700000000.0,,,,2067984000.0,2570600000.0,
1984-01-01,1.79854489583804,,800.331,30296600000000.0,,,,2538949000.0,2660514000.0,67142500.0
1984-02-01,2.01319687584165,,799.1158,30577000000000.0,,,,2356145000.0,2401636000.0,
1984-03-01,2.0057242520459706,,794.5136,31162600000000.0,,,,2301023000.0,2523017000.0,
1984-04-01,2.60596546310833,,796.4143,30897700000000.0,,,,2373465000.0,2598988000.0,68657000.0
1984-05-01,2.15330262510621,,801.5455,31730400000000.0,,,,2439696000.0,2692277000.0,
1984-06-01,1.70959296471167,,802.2048,32369300000000.0,,,,2537996000.0,2758583000.0,
1984-07-01,1.70959296471167,,810.9571,32961900000000.0,,,,2477623000.0,2613312000.0,69809800.0
1984-08-01,2.15330262510621,,811.4217,33656300000000.0,,,,2349629000.0,2681793000.0,
1984-09-01,3.1882828373037895,,815.8211,34234500000000.0,,,,2284337000.0,2583434000.0,
1984-10-01,2.7437661989454,,820.0364,34553500000000.0,,,,2489684000.0,2452156000.0,70350700.0
1984-11-01,2.75214976710855,,818.8947,35276000000000.0,,,,2540446000.0,2364470000.0,
1984-12-01,2.4470294045412895,,825.735,35704400000000.0,,,,2461386000.0,2347121000.0,
1985-01-01,2.11080037288586,,832.1667,35955400000000.0,,,,2091514000.0,2550263000.0,72078900.0
1985-02-01,1.93386575143555,,839.1647,36472800000000.0,,,,2108067000.0,2244346000.0,
1985-03-01,1.66597251145355,,850.7095,36324700000000.0,,,,2380394000.0,2273845000.0,
1985-04-01,1.47315964329426,,861.2136,36794600000000.0,,,,2427983000.0,2449013000.0,73807700.0
1985-05-01,2.3399365218343,,871.1091,37187100000000.0,,,,2426520000.0,2601757000.0,
1985-06-01,2.96350075902579,,875.0,37827800000000.0,,,,2478880000.0,2453247000.0,
1985-07-01,2.96350075902579,,876.4591,38123600000000.0,,,,2445563000.0,2377830000.0,74802200.0
1985-08-01,2.64638283900624,,885.0955,38715100000000.0,,,,2442208000.0,2462049000.0,
1985-09-01,2.57913754679016,,894.0505,39879400000000.0,,,,2516570000.0,2522028000.0,
1985-10-01,3.40335768963117,,894.4955,40022700000000.0,,,,2490699000.0,2614076000.0,77179100.0
1985-11-01,2.4038356761469,,893.3526,41170500000000.0,,,,3020447000.0,3157171000.0,
1985-12-01,3.01405688133376,,893.1286,42161500000000.0,,,,3139817000.0,3324239000.0,
1986-01-01,3.66264536463428,,892.7476,43013000000000.0,,,,2569529000.0,2905542000.0,78418900.0
1986-02-01,3.53535353535353,,888.5737,44163200000000.0,,,,2677040000.0,2864445000.0,
1986-03-01,3.63310981263074,,886.6619,45101600000000.0,,,,2606475000.0,2551139000.0,
1986-04-01,3.42695903157714,,887.9545,45322700000000.0,,,,2627744000.0,2560022000.0,81654700.0
1986-05-01,3.30239123925226,,889.0952,46645400000000.0,,,,2942719000.0,2547021000.0,
1986-06-01,3.00000000000002,,890.7381,47462700000000.0,,,,2948432000.0,2525982000.0,
1986-07-01,3.10042735042736,,888.5909,48045600000000.0,,,,2900915000.0,2621104000.0,85381500.0
1986-08-01,2.79353435407516,,886.4524,49232300000000.0,,,,3066861000.0,2636058000.0,
1986-09-01,2.2696112552469,,883.0571,50602700000000.0,,,,3069314000.0,2601076000.0,
1986-10-01,0.984247828555806,,878.8091,51287000000000.0,,,,3130239000.0,2568685000.0,86676500.0
1986-11-01,1.99199795692516,,873.5444,52702100000000.0,,,,3109169000.0,2650295000.0,
1986-12-01,1.38783109080139,,868.4318,54620000000000.0,,,,2995652000.0,2930867000.0,
1987-01-01,0.882784650870199,,862.865,54965500000000.0,,,,3417604000.0,2499289000.0,89176800.0
1987-02-01,0.48780487804879,,860.2211,56379400000000.0,,,,3483984000.0,2976686000.0,
1987-03-01,1.07148801597868,,856.1091,58054900000000.0,,,,3587335000.0,3069848000.0,
1987-04-01,1.75562821500717,,844.6773,59720200000000.0,,,,3868492000.0,3279288000.0,93998400.0
1987-05-01,2.71232763261418,,832.535,61383300000000.0,,,,3878448000.0,3573695000.0,
1987-06-01,2.81719359389262,,818.3864,63003100000000.0,,,,4045148000.0,3438676000.0,
1987-07-01,2.42482021098008,,811.813,63248100000000.0,,,,4052393999.999999,3533492000.0,95056000.0
1987-08-01,3.98099742759934,,811.8762,64580000000000.0,,,,3741033000.0,3587934000.0,
1987-09-01,4.05486232855522,,810.0762,66737700000000.0,,,,4151911000.0,3762536000.0,
1987-10-01,5.16692004914924,,808.4714,66567300000000.0,,,,3987024000.0,3451628000.0,96719500.0
1987-11-01,5.17486019530926,,802.3053,69531300000000.0,,,,4159430999.999999,3866693000.0,
1987-12-01,6.05333444620651,,798.3455,71161000000000.0,,,,4509367000.0,3855083000.0,
1988-01-01,6.22518758703832,,791.3158,72465100000000.0,,,,4789740000.0,4064542999.999999,104030400.0
1988-02-01,7.7669902912621405,,776.85,73842100000000.0,,,,4876007000.0,3900914000.0,
1988-03-01,8.47691389283437,,757.3696,76112100000000.0,,,,4748192000.0,4026282000.0,
1988-04-01,7.662709783053611,,745.3143,76496200000000.0,,,,4803424000.0,4210536000.000001,102150400.0
1988-05-01,6.60377358490567,,739.4381,78666300000000.0,,,,4701270000.0,4087227999.999999,
1988-06-01,7.3645131350631505,,732.8818,81102400000000.0,,,,4731278000.0,4176597000.0,
1988-07-01,7.861030735921981,,728.67,82279500000000.0,,,,5150450000.0,4551341000.0,105616600.0
1988-08-01,6.909003850527712,,725.7435,84302400000000.0,,,,5513465000.0,4784299000.0,
1988-09-01,6.49342926800262,,723.0048,87574400000000.0,,,,5190705000.0,4431073000.0,
1988-10-01,6.1150936670759295,,712.725,88578800000000.0,,,,5105752000.0,4606290000.0,108646800.0
1988-11-01,7.15022617252598,,696.085,91316100000000.0,,,,5492380000.0,4526493000.0,
1988-12-01,7.18347270044269,,687.8952,92386700000000.0,,,,5470785000.0,4502181000.0,
1989-01-01,6.77611239384808,,685.285,93740700000000.0,,,,5315155000.0,4759764000.0,108617400.0
1989-02-01,5.40540540540539,,680.2842,94036000000000.0,,,,5136434000.0,4633580000.0,
1989-03-01,4.61885875856309,,675.6795,96322200000000.0,,,,5239301000.0,5046909000.0,
1989-04-01,5.24865029275344,,669.9947,96830300000000.0,,,,4976067000.0,4900411000.0,110439300.0
1989-05-01,6.01883367370092,,669.2476,98263900000000.0,,,,4893050000.0,4776758000.0,
1989-06-01,5.540103735999391,,669.4333,99282800000000.0,,,,5085765000.0,5188976000.0,
1989-07-01,5.267699696094248,,669.835,100751100000000.0,,,,5227424000.0,5228878000.0,113588100.0
1989-08-01,5.50330310155638,,671.1341,103285300000000.0,,,,5446239000.0,5734655000.0,
1989-09-01,6.18497217413962,,672.7294,105705900000000.0,,,,5311039000.0,5177353000.0,
1989-10-01,6.725637293322872,,673.8579,106991300000000.0,,,,5102673000.0,5408591000.0,117924200.0
1989-11-01,6.06576803436527,,674.9381,109428600000000.0,,,,5395557000.0,5364241000.0,
1989-12-01,5.06828695205228,,677.655,116204200000000.0,,,,5222357000.0,5310422000.0,
1990-01-01,7.3155088053656705,19.73187,686.1842,118474900000000.0,,,2.6,4886476000.0,4866518000.0,119159600.0
1990-02-01,7.61704382850983,20.19258,692.4737,120669700000000.0,,,2.5,5398260000.0,5648352000.0,
1990-03-01,7.99085097308275,20.72778,700.4952,122990800000000.0,,,2.2,5259125000.0,5748594000.0,
1990-04-01,8.747114755468889,20.66287,708.7619,123986700000000.0,,,2.2,5080392000.0,5335252000.0,121845800.0
1990-05-01,8.58019979431637,20.33197,711.8476,125451300000000.0,,,2.4,5164716000.0,5654105000.0,
1990-06-01,8.93894076597826,20.72778,718.0714,127964600000000.0,,,2.3,5346677000.0,5444478000.0,
1990-07-01,9.35558887903797,21.39277,718.745,128358900000000.0,,,2.5,5465828000.0,5399731000.0,126163700.0
1990-08-01,8.975391626703889,21.92797,718.2591,131540900000000.0,,,2.5,5606205000.0,5632348000.0,
1990-09-01,8.63282414530393,21.86306,717.8737,134811700000000.0,,,2.6,5847430000.0,6536464000.0,
1990-10-01,8.685309816794478,21.86306,717.7611,135844400000000.0,,,2.6,5177477000.0,6080689000.0,128569200.0
1990-11-01,8.61477059456125,21.92797,717.03,139588400000000.0,,,2.6,5658246000.0,7332382000.0,
1990-12-01,9.33750319891863,22.32377,718.575,145603700000000.0,,,2.5,6008565000.0,6179807000.0,
1991-01-01,9.15580552701316,22.25887,720.825,146579800000000.0,,,2.6,5636204000.0,6317413000.0,133273100.0
1991-02-01,9.92663854029505,22.32377,723.9706,149043000000000.0,,,2.5,5633599000.0,7183156000.0,
1991-03-01,10.1335177403053,22.38868,727.7316,151061500000000.0,,,2.4,5701036000.0,6713840000.0,
1991-04-01,9.410341381305567,22.65681,728.3571,151984400000000.0,,,2.3,5900837000.0,6790023000.0,135544500.0
1991-05-01,8.505657432696061,22.527,727.9905,154240700000000.0,,,2.3,6173514000.0,6811872000.0,
1991-06-01,8.66549332229009,22.45252,727.9722,156699400000000.0,,,2.3,6100245000.0,6683079000.0,
1991-07-01,9.03695293146159,23.11752,731.7636,157580300000000.0,,,2.5,5739327000.0,6975923000.0,138631000.0
1991-08-01,9.49186521705608,23.98468,733.9045,161103500000000.0,,,2.3,5866470000.0,6698326000.0,
1991-09-01,9.43839746537892,23.78145,744.1789,165637500000000.0,,,2.4,5698855000.0,6747074000.0,
1991-10-01,9.313937788194528,23.98468,753.54,167753800000000.0,,,2.5,6247144000.0,6965652000.0,142201000.0
1991-11-01,9.691540262648887,24.123,757.4368,168623100000000.0,,,2.5,6435514000.0,7316097000.0,
1991-12-01,9.25077806735659,24.123,761.681,174029900000000.0,,,2.4,6575149000.0,6427846000.0,
1992-01-01,7.723939754260781,24.04852,767.0905,178018000000000.0,,,2.4,6514655000.0,7613613000.0,144661600.0
1992-02-01,6.96213362016282,24.64861,769.9333,179201000000000.0,,,2.4,5967888000.0,6911461000.0,
1992-03-01,6.78371329211747,24.64861,775.675,181351400000000.0,,,2.4,6323997000.0,6933891000.0,
1992-04-01,6.93749999999998,24.38155,783.0045,183674200000000.0,,,2.5,6434983000.0,6709594000.0,145750700.0
1992-05-01,7.289943665348199,24.1879,787.3526,186849600000000.0,,,2.4,6297007000.0,6901238000.0,
1992-06-01,6.78830030487804,24.51987,793.6,188092100000000.0,,,2.4,6542664000.0,7086568000.0,
1992-07-01,6.55795900979789,24.91568,789.9273,190922600000000.0,,,2.4,6509286000.0,7007354000.0,145926100.0
1992-08-01,5.8732394366197,24.71352,792.5619,193484900000000.0,,,2.6,6419505000.0,6367862000.0,
1992-09-01,5.6593201344788895,24.38155,788.7611,198142400000000.0,,,2.7,6580042000.0,6310898000.0,
1992-10-01,5.37882495513763,24.38155,786.7905,202364100000000.0,,,2.6,6755507000.0,7233355000.0,148222700.0
1992-11-01,4.3758700696055515,24.45497,787.0947,206659400000000.0,,,2.6,6354815000.0,6375279000.0,
1992-12-01,4.45839219955068,24.58371,791.7455,211468900000000.0,,,2.6,6072653000.0,6379594000.0,
1993-01-01,4.51179690015178,24.58371,794.8722,214561100000000.0,,,2.8,6418599000.0,6759561000.0,151302000.0
1993-02-01,4.57319163524168,24.31665,799.2526,220081100000000.0,,,2.9,6806587000.0,6947345000.0,
1993-03-01,4.78548974376371,25.18381,796.4174,220331500000000.0,,,2.8,6806158000.0,6771775000.0,
1993-04-01,4.758800521512391,25.04442,798.6136,222486500000000.0,,,3.0,6780482000.0,6721517000.0,155120800.0
1993-05-01,4.4709089284118315,24.98058,803.1947,225288300000000.0,,,3.0,6678885000.0,6936501000.0,
1993-06-01,4.80438952580631,25.24871,805.9136,228362900000000.0,,,3.0,6761233000.0,7372279000.0,
1993-07-01,4.2754025541366,25.57961,809.581,232107200000000.0,,,3.0,6820261000.0,7185415000.0,157958300.0
1993-08-01,4.43882754645028,25.18381,811.9409,237184200000000.0,,,2.9,6861342000.0,6767459000.0,
1993-09-01,4.59165635495846,26.24461,811.8429,242595700000000.0,,,2.8,7117392000.0,7229123000.0,
1993-10-01,5.10648649844085,26.04245,813.45,241737300000000.0,,,3.0,7131649000.0,7123549000.0,161068400.0
1993-11-01,5.47503667807762,26.57658,809.79,245012800000000.0,,,2.8,7008330000.0,7089929000.0,
1993-12-01,5.80018624451246,27.17561,812.5696,248271000000000.0,,,2.7,7121225000.0,6940029000.0,
1994-01-01,6.3523147333216,26.90855,813.545,251277000000000.0,,116.89,2.7,7215056000.0,8045327000.0,165850700.0
1994-02-01,6.812221348019929,26.97345,812.2421,257206900000000.0,,116.31,2.7,7124109000.0,7180585000.0,
1994-03-01,6.39501003604342,27.44374,810.687,261603100000000.0,,116.43,2.7,7418421000.0,7835329000.0,
1994-04-01,5.94382335901122,27.30542,811.7095,266634900000000.0,,115.58,2.7,7705932000.0,8051912000.0,168612400.0
1994-05-01,5.67829415916334,28.17258,809.7905,270602500000000.0,,115.08,2.5,7735736000.0,8305835000.0,
1994-06-01,5.895122158849071,28.56945,809.8636,275595300000000.0,,114.94,2.4,7782433000.0,8131740000.000003,
1994-07-01,6.8839190628328,27.50864,808.39,281368200000000.0,,114.01,2.4,7819439000.0,8508580000.0,171330800.0
1994-08-01,7.35181725543479,28.23642,806.8304,282351200000000.0,,114.52,2.4,7977577000.0,8661010000.0,
1994-09-01,6.50272531372797,29.16955,803.6905,286472300000000.0,,113.2,2.5,8290898000.0,9068566000.0,
1994-10-01,5.7505365484156,29.56536,801.975,289719300000000.0,,112.21,2.3,8419494999.999998,9229109000.0,178271700.0
1994-11-01,6.08442749056884,30.16545,799.455,294403700000000.0,,112.6,2.2,8861651000.0,9348969000.0,
1994-12-01,5.56812942705058,29.96116,794.8143,300657900000000.0,,114.39,2.2,9401567000.0,10066210000.0,
1995-01-01,5.197062170269991,30.62616,793.075,305573000000000.0,,114.73,2.1,9262065000.0,9369854000.0,182209400.0
1995-02-01,4.46463282384958,30.44209,793.1947,304387900000000.0,,114.14,2.2,9531744000.0,10582930000.0,
1995-03-01,4.621064589419009,31.36352,781.813,311047400000000.0,,113.37,2.1,9775273000.0,10977530000.0,
1995-04-01,5.08982642334879,31.45715,770.61,318058300000000.0,,111.96,2.0,10135400000.0,11275480000.0,185683600.0
1995-05-01,5.21735610782806,30.99537,764.4318,321348300000000.0,,113.21,2.1,10479250000.0,11418550000.0,
1995-06-01,4.17420314321314,32.103,763.8818,327647400000000.0,,112.41,2.0,10555420000.0,11643910000.0,
1995-07-01,3.60288549679168,32.103,760.045,332766700000000.0,,114.16,2.0,10800910000.0,11563530000.0,189589100.0
1995-08-01,3.43109142326022,32.28707,767.4217,339227600000000.0,,116.73,2.1,11175060000.0,11636090000.0,
1995-09-01,4.677457748155208,32.00937,772.04,345159900000000.0,,118.66,2.2,10974020000.0,12196060000.0,
1995-10-01,4.48078951033648,32.1945,767.1952,351709900000000.0,,118.19,2.2,11032660000.0,11663780000.0,193183400.0
1995-11-01,4.11236490781944,32.37963,769.781,361138700000000.0,,118.07,2.0,10839540000.0,11583410000.0,
1995-12-01,4.75434243176179,33.11699,771.305,370600400000000.0,,118.95,1.9,10649000000.0,11420770000.0,
1996-01-01,4.802643223789008,33.02442,787.1333,368870600000000.0,,118.32,1.9,11497460000.0,12301650000.0,197063400.0
1996-02-01,4.78699441778474,33.76283,780.115,374576200000000.0,,119.46,1.9,11336350000.0,12209050000.0,
1996-03-01,4.43634389421026,33.76283,781.3143,383578200000000.0,,119.8,2.0,11184680000.0,11860000000.0,
1996-04-01,4.50988706009328,34.77789,780.4182,387779500000000.0,,120.56,2.0,10745150000.0,12394560000.0,200858600.0
1996-05-01,4.90094248894017,34.86939,780.8591,391228600000000.0,,121.08,2.0,10949180000.0,12301880000.0,
1996-06-01,5.21462332400887,33.8554,798.45,399394800000000.0,,119.0,2.1,10669190000.0,12031090000.0,
1996-07-01,5.401038661281008,34.59275,813.0318,401981900000000.0,,117.32,2.0,10234910000.0,12555880000.0,204565900.0
1996-08-01,5.26748499101372,34.40868,817.5227,408936400000000.0,,116.35,2.1,10144700000.0,13348930000.0,
1996-09-01,4.53287852946749,34.86939,822.4,415293800000000.0,,116.0,2.0,10173070000.0,11983470000.0,
1996-10-01,5.04846603568775,34.40868,828.2364,417758900000000.0,,115.74,2.1,11145030000.0,13184270000.0,208158900.0
1996-11-01,5.2589398160516,34.86939,830.5632,424878700000000.0,,114.91,2.2,11001520000.0,13260040000.0,
1996-12-01,4.9251468637483296,35.79295,841.919,432315600000000.0,,114.49,2.3,10920610000.0,12889290000.0,
1997-01-01,4.68577004635104,33.8554,854.0714,435626700000000.0,,114.89,2.4,10637170000.0,12718990000.0,209163500.0
1997-02-01,4.85616553580441,35.3301,868.3947,443452500000000.0,,115.36,2.6,10480920000.0,12265030000.0,
1997-03-01,4.53566521852142,35.88445,882.619,448589300000000.0,,114.23,3.0,10968980000.0,12743740000.0,
1997-04-01,4.31342898240697,36.5303,895.5682,451507200000000.0,,113.04,2.7,11349900000.0,12522400000.0,216503800.0
1997-05-01,3.81202097620008,36.25366,894.6667,459563700000000.0,,111.69,2.6,11522510000.0,12187400000.0,
1997-06-01,4.00271370420624,37.08358,891.4048,468636300000000.0,,111.54,2.4,11719390000.0,12396220000.0,
1997-07-01,3.69904011095296,36.25366,893.0909,476461500000000.0,,112.9,2.4,12182670000.0,12503470000.0,218621300.0
1997-08-01,3.96498174619032,37.36128,898.7095,484393800000000.0,,114.75,2.4,11614070000.0,12092840000.0,
1997-09-01,4.2420506870672,37.54535,912.5048,490631300000000.0,,113.65,2.5,11529010000.0,11896920000.0,
1997-10-01,4.2420506870672,36.71544,929.4182,500945200000000.0,,111.89,2.4,11740080000.0,12245430000.0,217284700.0
1997-11-01,4.33450563793916,36.25366,1035.2235,511351000000000.0,,101.88,2.9,11488180000.0,11834640000.0,
1997-12-01,6.57407574635626,35.70038,1496.9,517306900000000.0,,73.4,3.1,11036500000.0,9495666000.0,
1998-01-01,8.294195676334551,33.67027,1707.3,543948200000000.0,,68.06,4.1,10740900000.0,7721503000.0,202695900.0
1998-02-01,9.547747651389539,33.94691,1628.4211,555912800000000.0,,70.9,5.0,12189320000.0,8406568999.999998,
1998-03-01,8.95835183376253,32.56371,1489.3571,559556300000000.0,,77.34,5.8,11871760000.0,7926242000.0,
1998-04-01,8.825245293025741,32.1945,1391.5455,575637700000000.0,,83.16,6.5,11784420000.0,8030417000.0,201114300.0
1998-05-01,8.17422328982461,32.56371,1399.05,583868100000000.0,,82.62,7.1,11262010000.0,7703849000.0,
1998-06-01,7.51749792845684,32.103,1397.7727,585482900000000.0,,84.16,7.5,10839090000.0,7681076000.0,
1998-07-01,7.3207215134183805,31.45715,1295.7609,606615900000000.0,,91.25,8.2,10369640000.0,7028481000.0,205049800.0
1998-08-01,6.90426275331936,32.74884,1314.2857,619026700000000.0,,90.89,8.0,10282860000.0,7495005000.0,
1998-09-01,6.87106535424854,34.59275,1375.5381,621838300000000.0,,84.74,8.2,10755610000.0,7463298000.0,
1998-10-01,7.23105283294491,35.42374,1344.1429,635324600000000.0,,83.63,8.1,10280030000.0,7580789000.0,210160900.0
1998-11-01,6.77636265702918,36.80694,1294.0105,642266200000000.0,,86.62,7.9,11050340000.0,8248343000.0,
1998-12-01,3.96549678862546,37.36128,1213.2182,639664300000000.0,,91.7,7.9,11412130000.0,8068648000.0,
1999-01-01,1.4632612186119,37.08358,1175.1053,660247800000000.0,,94.25,7.6,10609280000.0,9029014000.0,216688000.0
1999-02-01,0.169235025141171,38.55935,1188.8368,672028900000000.0,,94.9,7.4,10396070000.0,8133713000.0,
1999-03-01,0.506935728373722,39.20519,1229.7217,665514800000000.0,,92.98,7.2,11244120000.0,8716511000.0,
1999-04-01,0.420748249589808,38.83598,1209.9636,673530900000000.0,,94.49,7.0,11445930000.0,8907494000.0,226088500.0
1999-05-01,0.762511225406166,40.9576,1197.92,678889800000000.0,,95.42,6.8,11303100000.0,9629246000.0,
1999-06-01,0.59686808231532,41.23424,1168.9136,670344400000000.0,,97.43,7.2,12158430000.0,10139440000.0,
1999-07-01,0.254160859227687,42.52594,1189.0952,685037200000000.0,,95.39,7.0,12195310000.0,9877012000.0,232582600.0
1999-08-01,0.936396914629365,42.52594,1198.3091,677497900000000.0,,94.05,6.4,11909540000.0,10182310000.0,
1999-09-01,0.761557613135244,44.64755,1201.0,679138500000000.0,,92.79,5.8,12099140000.0,10391510000.0,
1999-10-01,1.18228997729486,44.74012,1205.285,678555400000000.0,,92.36,5.5,12872980000.0,11464670000.0,238809500.0
1999-11-01,1.35225294127218,46.77023,1176.975,679894800000000.0,,94.81,5.2,13571880000.0,11398860000.0,
1999-12-01,1.35454530636197,46.58509,1136.8043,672544400000000.0,,97.8,5.1,13812780000.0,11778560000.0,
2000-01-01,1.8907940029691497,47.64377,1130.99,676895400000000.0,,98.75,5.0,13779630000.0,13139360000.0,243573100.0
2000-02-01,1.77071657163278,47.74273,1129.7455,679807100000000.0,,100.25,4.8,14021710000.0,12720880000.0,
2000-03-01,2.11157963023032,48.2843,1116.3904,684735300000000.0,,101.66,4.5,13892580000.0,13301270000.0,
2000-04-01,1.44460980975799,48.00553,1110.32,692399000000000.0,,101.89,4.5,13598430000.0,13578610000.0,247325900.0
2000-05-01,1.10351309307752,49.85263,1119.4864,687687300000000.0,,102.22,4.4,14357880000.0,13057010000.0,
2000-06-01,2.21682505012308,49.3334,1117.935,683704800000000.0,,101.7,4.2,14680610000.0,13130800000.0,
2000-07-01,2.98004579653255,50.92515,1115.075,693645700000000.0,,103.02,4.1,14921720000.0,14063830000.0,254117200.0
2000-08-01,2.44798834291266,51.71251,1114.467,701191100000000.0,,104.06,4.2,15486070000.0,13617190000.0,
2000-09-01,3.51577009415222,50.48146,1117.57,697736000000000.0,,105.43,4.5,15209150000.0,13849300000.0,
2000-10-01,2.63828559521709,50.12821,1131.099,699283700000000.0,8.25,105.14,4.1,14663760000.0,13961190000.0,253273000.0
2000-11-01,2.20281292145656,49.35681,1156.5429,706615900000000.0,7.86,102.18,4.2,14330080000.0,13759020000.0,
2000-12-01,2.77902862656802,48.63861,1216.935,707698900000000.0,7.18,97.43,4.3,14031230000.0,12862070000.0,
2001-01-01,3.43922121173307,48.1396,1272.6343,711419700000000.0,6.65,93.66,4.4,14096680000.0,12465310000.0,255820800.0
2001-02-01,3.626670071990671,48.64925,1252.8526,716948900000000.0,6.41,95.97,4.7,14720080000.0,13523770000.0,
2001-03-01,4.011943712080289,48.94292,1291.405,720212600000000.0,7.0,95.3,4.6,13559280000.0,12348760000.0,
2001-04-01,4.83343698671641,49.31425,1327.7571,718533800000000.0,7.74,93.74,4.1,12242680000.0,11196570000.0,259678300.0
2001-05-01,5.263410959562791,49.73028,1298.8955,728844300000000.0,7.58,95.58,3.9,12985770000.0,11385710000.0,
2001-06-01,5.0343650831619,49.83136,1295.0476,737260000000000.0,7.14,96.77,3.8,12591290000.0,11933580000.0,
2001-07-01,4.81242654299418,48.84184,1305.2381,746517000000000.0,6.83,97.0,3.8,11708640000.0,11204120000.0,262985600.0
2001-08-01,4.690487854986809,49.97925,1285.6522,752863200000000.0,6.29,97.15,3.7,12378290000.0,11479110000.0,
2001-09-01,3.25127149053014,49.98883,1293.8333,768718400000000.0,6.19,95.42,3.7,12377000000.0,12398880000.0,
2001-10-01,3.35285390801907,50.29313,1302.3636,764991700000000.0,6.54,95.64,3.6,11796340000.0,11180310000.0,266982900.0
2001-11-01,3.37438733190902,50.61978,1282.1,766539500000000.0,6.88,97.23,3.7,11658230000.0,11212710000.0,
2001-12-01,3.16392313951307,49.35468,1292.285,764979275000000.0,7.01,97.78,3.6,11493040000.0,11062090000.0,
2002-01-01,2.63760757847812,50.89748,1316.3381,770533849000000.0,7.1,97.03,3.6,12289430000.0,11337130000.0,274419900.0
2002-02-01,2.62634975893036,51.87743,1320.5526,785244298000000.0,7.0,97.34,3.5,12331620000.0,11120280000.0,
2002-03-01,2.31340092841437,53.17764,1322.9048,805123314000000.0,7.17,97.03,3.4,12582900000.0,11644730000.0,
2002-04-01,2.4977182841497,53.63409,1318.0909,805604961000000.0,7.3,97.46,3.4,13364840000.0,12290130000.0,279643700.0
2002-05-01,2.97973415350883,53.04676,1262.2,816287963000000.0,7.09,100.86,3.3,13739040000.0,12529770000.0,
2002-06-01,2.58858895332949,52.64989,1219.695,826520539000000.0,6.76,102.79,3.1,12734240000.0,12422070000.0,
2002-07-01,2.10631591708086,53.96287,1179.9868,825334783000000.0,6.54,104.09,3.1,13675220000.0,12879800000.0,284837500.0
2002-08-01,2.3835761189523494,54.46507,1197.5091,835937587000000.0,6.24,103.97,3.3,14637620000.0,13264130000.0,
2002-09-01,3.05521138678189,53.49683,1211.605,840325012000000.0,6.16,103.63,3.0,13946380000.0,13481570000.0,
2002-10-01,2.76661327853494,54.44486,1240.1909,860241471000000.0,6.11,101.51,3.1,14564140000.0,13426940000.0,287527500.0
2002-11-01,3.45419731323323,55.23009,1210.2,873189816000000.0,5.8,102.86,3.1,14528880000.0,13875940000.0,
2002-12-01,3.7327468527225696,55.84615,1206.6143,872075592000000.0,5.77,103.05,3.1,14434660000.0,13898610000.0,
2003-01-01,3.81100319720091,54.53849,1176.4524,880756119000000.0,5.43,104.27,3.3,15468770000.0,14478260000.0,285982500.0
2003-02-01,3.88598703170028,54.80555,1190.3684,886044737000000.0,5.15,103.2,3.3,14687720000.0,14710400000.0,
2003-03-01,4.52367804426668,55.96106,1237.2,887798997000000.0,5.2,100.18,3.4,14877830000.0,15404010000.0,
2003-04-01,3.74877563741058,54.98856,1231.1045,881195769000000.0,5.03,100.08,3.4,15538630000.0,14422990000.0,286171600.0
2003-05-01,3.1759174379749706,54.75448,1201.2333,885497972000000.0,4.68,100.57,3.6,14605320000.0,13615450000.0,
2003-06-01,2.9909280608545,56.43347,1194.1429,881989090000000.0,4.46,101.0,3.6,15212670000.0,13739530000.0,
2003-07-01,3.1877949600783495,53.80433,1181.1636,883237452000000.0,4.95,102.77,3.6,15923440000.0,14707300000.0,290747700.0
2003-08-01,2.97977117244634,56.65372,1178.6,890077210000000.0,5.26,103.71,3.6,16032139999.999998,14231390000.0,
2003-09-01,3.3326491114890695,57.37086,1165.4048,880971934000000.0,4.77,104.41,3.7,17234230000.0,14792780000.0,
2003-10-01,3.7139958537338496,58.96579,1169.3409,889773085000000.0,4.87,102.04,3.7,18127420000.0,16077350000.0,298161400.0
2003-11-01,3.43140855208074,59.04346,1186.3889,901002058000000.0,5.35,99.99,3.9,17676300000.0,15949060000.0,
2003-12-01,3.42004064862336,60.10853,1192.3364,898069427000000.0,5.43,98.48,3.7,18820050000.0,16656210000.0,
2004-01-01,3.3950751797777494,59.86913,1183.345,896058990000000.0,5.42,98.38,3.6,20598260000.0,16481269999.999998,302404300.0
2004-02-01,3.28550994755322,62.91749,1167.5316,912906853000000.0,5.43,100.03,3.6,20829680000.0,18807580000.0,
2004-03-01,3.06565382528484,61.82263,1166.287,913949167000000.0,5.26,101.76,3.6,20609100000.0,17879480000.0,
2004-04-01,3.25141614693596,62.49082,1152.8636,920084592000000.0,5.25,102.73,3.6,21148980000.0,18381360000.0,304926100.0
2004-05-01,3.34900117508813,63.40267,1177.875,920875433550428.0,5.16,101.63,3.7,20711280000.0,18358060000.0,
2004-06-01,3.63116450166686,61.60345,1159.0227,929193712901983.0,5.01,102.47,3.5,21098880000.0,18618810000.0,
2004-07-01,4.3592693801237,60.82566,1158.7,931544041598581.0,4.88,102.74,3.7,21485760000.0,18474780000.0,305706200.0
2004-08-01,4.79060777435751,61.79177,1158.0318,933863849359824.0,4.33,104.01,3.7,20766520000.0,18642160000.0,
2004-09-01,3.850901712615471,62.49401,1148.719,945480195725530.0,4.14,104.23,3.6,20940120000.0,18494490000.0,
2004-10-01,3.75962233657976,62.5004,1141.57,945022011950530.0,4.05,103.59,3.7,22014620000.0,20642400000.0,308211900.0
2004-11-01,3.31898939116356,63.57397,1086.435,951565432509351.0,3.96,106.07,3.7,22050050000.0,19797350000.0,
2004-12-01,3.03548706348082,62.71214,1050.3739,954722520159534.0,3.85,108.79,3.8,22637210000.0,19859160000.0,
2005-01-01,3.40302366099026,65.37213,1037.9825,951377446101786.0,4.42,111.43,3.9,23883570000.0,20123730000.0,311097100.0
2005-02-01,3.36424804509911,63.87189,1023.1105,970720008551585.0,4.88,113.21,3.7,22643110000.0,19595590000.0,
2005-03-01,2.98832102630886,65.92648,1007.7761,970629099856927.0,4.77,115.04,3.7,22947430000.0,21351250000.0,
2005-04-01,3.09222648619443,64.60286,1010.0667,987882629650984.0,4.69,115.57,3.7,22824220000.0,21138500000.0,316930100.0
2005-05-01,3.07685908013144,64.10065,1001.8386,987197672013528.0,4.42,116.57,3.7,22716450000.0,21282120000.0,
2005-06-01,2.76626131809926,64.49753,1012.46,999795392545510.0,4.46,116.79,3.8,23192790000.0,21373760000.0,
2005-07-01,2.55233527652594,65.04336,1036.56,1006793748114200.0,4.89,115.05,3.7,23611260000.0,21979270000.0,321379300.0
2005-08-01,1.97428645598502,65.40831,1021.6804,1004053999231990.0,5.08,115.63,3.6,24419530000.0,22132440000.0,
2005-09-01,2.48254566818323,65.59557,1029.8433,1004087921277850.0,5.15,114.86,3.9,24651820000.0,23033750000.0,
2005-10-01,2.27896872566298,67.86615,1045.8775,1003063211037400.0,5.36,113.9,3.9,24635430000.0,22972540000.0,325066900.0
2005-11-01,2.48934707903781,70.41017,1040.76,1014142376381300.0,5.68,115.43,3.6,24802110000.0,23258590000.0,
2005-12-01,2.61810996610729,68.96207,1022.381,1021448643977570.0,5.6,117.35,3.5,24930030000.0,23394280000.0,
2006-01-01,2.224366116803,71.12411,981.435,1024480165555960.0,5.58,120.57,3.4,25076270000.0,23386480000.0,330234400.0
2006-02-01,2.0151031234775,71.25179,969.8447,1035663786254020.0,5.28,122.81,3.6,26158520000.0,25102950000.0,
2006-03-01,2.0030132637413,71.63909,974.7109,1040062073000000.0,5.42,122.61,3.6,25947430000.0,24394770000.0,
2006-04-01,2.00099444989452,70.90493,952.595,1049856284000000.0,5.45,124.13,3.5,25433430000.0,24834060000.0,332617800.0
2006-05-01,2.30299443084291,71.55823,940.8168,1064381371000000.0,5.2,123.18,3.4,27384700000.0,25842700000.0,
2006-06-01,2.41249966268182,70.46444,954.45,1082235006000000.0,5.25,122.69,3.5,27292780000.0,26122690000.0,
2006-07-01,2.40011825890637,67.02453,950.81,1076369591000000.0,5.16,123.6,3.5,25985150000.0,26051840000.0,337830800.0
2006-08-01,2.69173053218285,71.90935,960.9522,1086334640000000.0,4.94,122.15,3.5,28677930000.0,27105640000.0,
2006-09-01,2.47973549488054,73.8022,952.29,1112597103000000.0,4.89,123.82,3.5,29451230000.0,28506390000.0,
2006-10-01,2.18677780894749,75.8653,952.6429,1111457592000000.0,4.79,123.65,3.6,27742060000.0,25555850000.0,340636500.0
2006-11-01,2.09761135177906,75.52482,935.4143,1128558848000000.0,4.91,124.05,3.5,28857100000.0,26110500000.0,
2006-12-01,2.0899913084174706,72.88929,924.98,1149262113000000.0,4.95,124.11,3.4,28646080000.0,27173860000.0,
2007-01-01,1.68148768459811,74.03309,936.7619,1143372676000000.0,5.04,123.7,3.4,29911760000.0,27301730000.0,346675000.0
2007-02-01,2.17030816784071,74.37357,936.9,1150628027000000.0,5.01,123.65,3.2,29212550000.0,27206930000.0,
2007-03-01,2.1588616192121495,74.14587,942.8841,1164050709000000.0,4.94,122.26,3.2,29294360000.0,28162060000.0,
2007-04-01,2.4492108244842,75.38118,930.6905,1161263990000000.0,5.07,123.17,3.3,29586040000.0,29450170000.0,352543600.0
2007-05-01,2.34845496383959,75.58334,927.5636,1176274832000000.0,5.22,123.27,3.3,30594930000.0,29441730000.0,
2007-06-01,2.54802245000132,75.07049,927.8667,1204632914000000.0,5.48,123.27,3.2,30864610000.0,29177910000.0,
2007-07-01,2.53940340424416,75.92807,918.119,1202371656000000.0,5.52,123.36,3.3,30642240000.0,29163010000.0,356718200.0
2007-08-01,2.03927196816492,78.27951,934.4848,1208678237000000.0,5.42,120.54,3.2,31922060000.0,29640130000.0,
2007-09-01,2.32476453140451,77.52088,928.595,1227055339000000.0,5.52,120.37,3.2,29914750000.0,28574570000.0,
2007-10-01,3.01584396569756,81.74815,914.9435,1244218163000000.0,5.56,120.68,3.2,33367490000.0,32085480000.0,363742300.0
2007-11-01,3.51789819376027,81.51194,918.8095,1260623429000000.0,5.61,117.51,3.3,34435700000.0,33093010000.0,
2007-12-01,3.60585738984648,81.11401,931.095,1273611866000000.0,5.82,116.35,3.1,32595880000.0,33523740000.0,
2008-01-01,3.8903994980129695,83.15901,942.0571,1295781100000000.0,5.56,113.32,3.0,34830860000.0,35869300000.0,366484800.0
2008-02-01,3.5758339067998,82.3408,944.005,1315172200000000.0,5.28,111.68,3.0,34625210000.0,34830550000.0,
2008-03-01,3.9386037385108,83.49737,981.7348,1316505081000000.0,5.36,105.6,3.0,34690830000.0,36470890000.0,
2008-04-01,4.11645940767222,83.73038,986.8636,1350862300000000.0,5.17,104.58,3.1,37509100000.0,37373130000.0,367818800.0
2008-05-01,4.87435119995888,82.4472,1034.1333,1362825597000000.0,5.5,100.57,3.2,38177770000.0,38927910000.0,
2008-06-01,5.54370728197748,81.74283,1031.4857,1368551679000000.0,5.89,101.36,3.1,36761520000.0,38720170000.0,
2008-07-01,5.903959863823689,81.29063,1015.0545,1375993555000000.0,6.03,102.55,3.1,39988730000.0,41948880000.0,370260100.0
2008-08-01,5.613236497545008,81.23318,1046.1143,1394030400000000.0,5.91,101.54,3.3,38846470000.0,41892380000.0,
2008-09-01,5.108384718072591,80.05959,1134.8667,1392431858000000.0,5.99,94.82,3.2,37269970000.0,39874210000.0,
2008-10-01,4.8158065048285,80.74586,1329.1877,1411370421000000.0,5.53,83.12,3.3,36485600000.0,35402000000.0,357768200.0
2008-11-01,4.532822354478888,71.8455,1398.7044,1427905326000000.0,5.73,79.81,3.4,27907590000.0,29246170000.0,
2008-12-01,4.13901214902466,64.11023,1361.5727,1425887495000000.0,4.87,80.22,3.4,26296060000.0,25316650000.0,
2009-01-01,3.74723172941414,65.30297,1354.3975,1445387457000000.0,4.42,81.43,3.3,23611570000.0,25004890000.0,358711700.0
2009-02-01,4.1042484110767115,71.089,1439.5842,1470463524000000.0,5.24,78.65,3.3,27229110000.0,24291500000.0,
2009-03-01,3.8812643606781294,73.78092,1449.6159,1467314945000000.0,4.97,79.09,3.5,27874000000.0,23119010000.0,
2009-04-01,3.58192732392973,76.25259,1332.125,1481967526000000.0,4.9,85.48,3.7,28891330000.0,24320810000.0,363561000.0
2009-05-01,2.73428886438808,76.82077,1254.345,1498549133000000.0,5.05,89.29,3.9,28033070000.0,24034110000.0,
2009-06-01,1.9926720307726,79.76273,1259.2932,1509702238000000.0,5.26,87.84,3.9,30751830000.0,25808640000.0,
2009-07-01,1.61818555355481,81.80667,1259.6739,1506976600000000.0,5.18,87.74,3.8,31716320000.0,27030170000.0,374652000.0
2009-08-01,2.1622799583525,82.31313,1238.9952,1526511905000000.0,5.44,88.88,3.9,30386450000.0,28396350000.0,
2009-09-01,2.16031836270608,85.8754,1211.8643,1541191224000000.0,5.38,89.59,3.6,34029280000.0,29986580000.0,
2009-10-01,1.9818881813119,84.3358,1173.7405,1554701381000000.0,5.45,91.46,3.6,33132930000.0,30365420000.0,377396300.0
2009-11-01,2.43884673748104,85.34447,1162.8368,1564351189000000.0,5.39,91.83,3.7,33275160000.0,29451790000.0,
2009-12-01,2.8006069802731495,86.37974,1163.3109,1566849999000000.0,5.31,92.31,3.6,34955090000.0,31357790000.0,
2010-01-01,3.5184960582171,87.94807,1138.1947,1589487899000000.0,5.35,95.44,4.7,33904200000.000004,32180770000.000004,386238500.0
2010-02-01,2.98392437834908,88.59924,1155.6553,1596976382000000.0,5.3,94.46,4.0,35833070000.0,33364670000.0,
2010-03-01,2.4581539933046295,90.43358,1136.0822,1609271764000000.0,4.92,96.06,3.6,36744690000.0,33718200000.000004,
2010-04-01,2.59831628151011,91.61568,1115.4591,1620071800000000.0,4.91,98.34,3.6,37866490000.0,34716440000.0,392479000.0
2010-05-01,2.70205814313994,92.16577,1164.841,1632746443000000.0,4.95,95.45,3.3,38837810000.0,35770280000.0,
2010-06-01,2.6889292022724094,92.45518,1214.1114,1645713710000000.0,4.93,92.16,3.5,40398950000.0,35415200000.0,
2010-07-01,2.53074233522821,93.15316,1203.8095,1644278682000000.0,4.91,91.31,3.8,40130160000.0,35267930000.0,396469600.0
2010-08-01,2.6817880166856294,92.35622,1179.5159,1647880784000000.0,4.68,92.55,3.5,38213930000.0,35869530000.0,
2010-09-01,3.40757053718372,92.86375,1159.931,1652907978000000.0,4.28,93.7,3.7,39720330000.0,35271340000.0,
2010-10-01,3.6825547575236,94.19907,1121.94,1674134397000000.0,4.11,94.16,3.7,42270870000.0,37678280000.0,402066000.0
2010-11-01,2.9887182404247294,94.32782,1129.623,1678849900000000.0,4.48,93.02,3.3,40300530000.0,37952010000.0,
2010-12-01,3.0337025578045,95.8355,1145.4833,1660530025000000.0,4.46,92.57,3.7,43712150000.0,38183770000.0,
2011-01-01,3.4410844629822694,98.78598,1118.8675,1669219000000000.0,4.69,94.72,3.6,47366890000.0,42737610000.0,405904800.0
2011-02-01,3.939291184827471,95.79613,1117.4368,1673697095000000.0,4.76,94.38,3.6,42953190000.0,39126790000.0,
2011-03-01,4.133215085885,98.1912,1119.2674,1675788625000000.0,4.51,93.48,3.7,45978590000.0,43169700000.0,
2011-04-01,3.8167850210946,96.77821,1083.1762,1689262409000000.0,4.48,95.4,3.5,47863490000.0,44019010000.0,407666700.0
2011-05-01,3.911619914545791,97.19104,1084.3619,1684435619000000.0,4.34,95.03,3.3,46413700000.0,45595760000.0,
2011-06-01,4.217756650899,97.96138,1080.4523,1693131719000000.0,4.24,95.25,3.3,45731710000.0,45021370000.0,
2011-07-01,4.50970840002784,98.09332,1057.425,1713183321000000.0,4.23,97.25,3.4,48117660000.0,44946430000.0,409552300.0
2011-08-01,4.685678673237369,97.36128,1073.887,1712196428000000.0,3.96,95.67,3.2,48126380000.0,45283410000.0,
2011-09-01,3.7590024846285104,97.82412,1121.9095,1727997253000000.0,3.75,92.74,3.3,46836860000.0,45578460000.0,
2011-10-01,3.56206418814476,100.116,1150.685,1742068987000000.0,3.86,90.39,3.3,45270290000.0,43469490000.0,412298900.0
2011-11-01,4.17462545739074,97.78795,1133.4775,1750933811000000.0,3.8,92.29,3.3,45605740000.0,42290250000.0,
2011-12-01,4.15811853159276,96.07278,1148.1262,1751458357000000.0,3.81,91.97,3.2,46229100000.0,44169450000.0,
2012-01-01,3.3458680681406294,98.2859,1140.3275,1750088003000000.0,3.8,92.1,3.3,45101080000.0,43417090000.0,416240700.0
2012-02-01,3.03289384871529,102.1918,1122.69,1757601024000000.0,3.81,93.02,3.3,49880690000.0,48180930000.0,
2012-03-01,2.66254286290594,99.03495,1126.17,1782765463000000.0,3.95,93.2,3.3,46576810000.0,43537800000.0,
2012-04-01,2.55247691015952,100.1883,1135.0238,1765825900000000.0,3.9,92.16,3.3,44630800000.0,43820920000.0,417998000.0
2012-05-01,2.53863257986302,100.6097,1156.6914,1781035185000000.0,3.75,91.4,3.2,46796600000.0,44006050000.0,
2012-06-01,2.19582915133265,98.71788,1163.3886,1803812413000000.0,3.63,91.85,3.2,45698160000.0,43018050000.0,
2012-07-01,1.47610485893765,98.06778,1142.2781,1808371001000000.0,3.3,93.45,3.2,44313110000.0,41772990000.0,419861600.0
2012-08-01,1.26561345871875,96.15683,1131.7457,1809558800000000.0,3.09,93.9,3.2,45123490000.0,41035680000.0,
2012-09-01,2.08783932906642,97.45811,1122.9911,1824002756000000.0,3.05,93.84,3.2,45405220000.0,44485230000.0,
2012-10-01,2.0907040509464094,100.0053,1105.3823,1823554670000000.0,2.97,94.74,3.1,46306360000.0,42437230000.0,422987500.0
2012-11-01,1.6314312854839,100.599,1086.9525,1831794401000000.0,2.99,96.57,3.2,46340930000.0,42674740000.0,
2012-12-01,1.42607202984186,100.6533,1075.2225,1835641598000000.0,3.13,97.42,3.2,44796730000.0,42590290000.0,
2013-01-01,1.62863593520528,102.111,1066.5205,1844600700000000.0,3.05,99.2,3.2,48120410000.0,44273040000.0,426342400.0
2013-02-01,1.58317683539329,100.0255,1087.3084,1853813000000000.0,3.04,97.72,3.1,47086740000.0,43512380000.0,
2013-03-01,1.46047547318095,98.94345,1102.871,1868046500000000.0,2.91,97.11,3.0,45405300000.0,43328980000.0,
2013-04-01,1.3296217455379,99.66697,1120.8977,1860900800000000.0,2.84,95.4,3.0,45525010000.0,42723460000.0,431160100.0
2013-05-01,1.14853599799495,99.09028,1111.4945,1874392100000000.0,2.9,96.68,3.1,47900960000.0,42022950000.0,
2013-06-01,1.16871637621537,99.12859,1135.0085,1892905600000000.0,3.31,94.33,3.1,45468070000.0,42538650000.0,
2013-07-01,1.61540817219355,98.27313,1125.03,1877031900000000.0,3.47,95.95,3.2,45692040000.0,42311870000.0,435484700.0
2013-08-01,1.50563387948396,99.52652,1115.9418,1897581700000000.0,3.61,96.65,3.2,47873850000.0,42275460000.0,
2013-09-01,0.980413351781381,97.79646,1082.3115,1900172300000000.0,3.53,99.28,3.0,45367350000.0,42103330000.0,
2013-10-01,0.8609579917478,101.1289,1065.8573,1911112600000000.0,3.44,99.46,3.1,48583010000.0,44542710000.0,439300300.0
2013-11-01,1.20094336546717,100.0426,1061.5637,1928640500000000.0,3.584,100.6,3.1,47450440000.0,43227940000.0,
2013-12-01,1.1434770816382,101.4556,1055.6348,1920795000000000.0,3.653,101.58,3.3,46886320000.0,42966250000.0,
2014-01-01,1.08057976015875,102.0684,1067.1267,1946307188000000.0,3.647,101.21,3.3,48728050000.0,43713010000.0,442669900.0
2014-02-01,1.01248952041103,101.4641,1071.3063,1959558000000000.0,3.522,100.72,3.5,47190040000.0,45344460000.0,
2014-03-01,1.29206472157674,102.1684,1070.491,1961050400000000.0,3.543,101.0,3.4,47672620000.0,44922990000.0,
2014-04-01,1.49855100567747,102.4972,1042.635,1962033700000000.0,3.54,103.54,3.6,48983070000.0,44948200000.0,446872400.0
2014-05-01,1.66553548150782,99.07219,1024.7867,1993855000000000.0,3.402,105.25,3.5,47882720000.0,43121320000.0,
2014-06-01,1.65893646855789,101.563,1018.7443,2000102000000000.0,3.286,105.88,3.5,46366990000.0,43530930000.0,
2014-07-01,1.58972758290368,102.3419,1021.0341,2016552100000000.0,3.056,105.59,3.5,47951810000.0,44661130000.0,448023500.0
2014-08-01,1.40822411463138,98.37634,1024.55,2037820900000000.0,3.086,105.72,3.5,47782440000.0,44265830000.0,
2014-09-01,1.14644772476691,98.03799,1035.8914,2036546500000000.0,3.012,105.46,3.5,47902280000.0,44441090000.0,
2014-10-01,1.14995597740889,98.17311,1060.3359,2068136000000000.0,2.769,103.31,3.6,49729360000.0,43030200000.0,450409200.0
2014-11-01,0.965462433953354,98.44869,1097.8728,2093184000000000.0,2.692,101.27,3.6,46356600000.0,42255680000.0,
2014-12-01,0.833431657531449,100.9778,1102.6224,2077234000000000.0,2.681,102.46,3.7,47984340000.0,41660590000.0,
2015-01-01,0.974074469220097,99.1339,1088.13,2096198300000000.0,2.415,106.12,3.6,48473990000.0,39095470000.0,454302800.0
2015-02-01,0.645882102575018,100.5809,1101.4605,2120316500000000.0,2.346,105.02,3.5,45574700000.0,36747830000.0,
2015-03-01,0.470510764394117,99.48502,1112.9005,2127954400000000.0,2.276,105.01,3.5,45533550000.0,37256590000.0,
2015-04-01,0.436240898380289,100.3266,1084.6709,2146427400000000.0,2.177,106.91,3.6,44973720000.0,37145840000.0,456256600.0
2015-05-01,0.552088079771964,97.71879,1092.6365,2175557400000000.0,2.49,105.69,3.6,42856290000.0,37218090000.0,
2015-06-01,0.701341142517614,99.33926,1112.8832,2191606100000000.0,2.468,104.31,3.8,45200580000.0,36795070000.0,
2015-07-01,0.735278537071182,98.68703,1146.5468,2196934700000000.0,2.45,102.14,3.8,44901540000.0,37607640000.0,463025500.0
2015-08-01,0.70015124112911,100.9108,1178.1438,2218472500000000.0,2.308,100.6,3.6,41182380000.0,35928420000.0,
2015-09-01,0.503757011323948,102.1333,1184.33,2220730100000000.0,2.216,100.07,3.5,42752080000.0,34761830000.0,
2015-10-01,0.807812748792516,101.5205,1143.199,2239898700000000.0,2.088,103.14,3.5,42865000000.0,36570670000.0,466604000.0
2015-11-01,0.820081901824176,100.5373,1153.4721,2239271900000000.0,2.254,103.48,3.6,43222190000.0,34145440000.0,
2015-12-01,1.13184264834159,99.67973,1169.9464,2247375000000000.0,2.181,102.33,3.5,41595710000.0,33596460000.0,
2016-01-01,0.622338683262371,99.98404,1203.3179,2271577100000000.0,2.025,101.18,3.6,38751240000.0,31723930000.0,468400300.0
2016-02-01,1.11326080751054,101.0853,1216.2285,2285706400000000.0,1.826,98.67,3.8,39685910000.0,31373930000.0,
2016-03-01,0.842530339549244,101.8865,1181.573,2296468400000000.0,1.854,100.06,3.7,41666310000.0,31661800000.0,
2016-04-01,1.00184940554821,100.4458,1145.7967,2295348000000000.0,1.81,102.07,3.6,39934200000.0,32421340000.0,474271500.0
2016-05-01,0.779850353040347,103.1728,1173.7905,2317399500000000.0,1.787,100.21,3.5,40648120000.0,33484430000.000004,
2016-06-01,0.739655880896429,102.5323,1165.2023,2337560900000000.0,1.617,100.81,3.6,43283440000.0,34076850000.0,
2016-07-01,0.369162810265041,102.1323,1140.865,2363007400000000.0,1.401,103.34,3.6,40900830000.0,33767930000.0,476105600.0
2016-08-01,0.487328411036329,100.8172,1110.0183,2380862000000000.0,1.417,105.58,3.9,41299850000.0,34891570000.0,
2016-09-01,1.34890381820863,101.0746,1108.3638,2380204900000000.0,1.512,106.3,3.9,40689750000.0,34232520000.0,
2016-10-01,1.48790093296549,100.4192,1128.166,2393178000000000.0,1.596,105.54,3.8,41190340000.0,35608890000.0,479773700.0
2016-11-01,1.53081678728925,105.07,1162.708,2404426400000000.0,1.965,103.92,3.7,44806470000.0,36652210000.0,
2016-12-01,1.33796150205113,103.823,1183.07,2407459100000000.0,2.159,103.84,3.5,43707900000.0,36948520000.0,
2017-01-01,2.24084341397849,106.5713,1179.1074,2401547900000000.0,2.111,104.5,3.5,43536900000.0,37293560000.0,485188100.0
2017-02-01,2.08281053952322,105.3487,1140.4874,2427078100000000.0,2.163,107.28,3.9,47008960000.0,39136600000.0,
2017-03-01,2.2768966276351494,107.0288,1133.8617,2438307000000000.0,2.221,108.05,3.6,47837160000.0,40385690000.0,
2017-04-01,1.95557322674814,105.0359,1134.1755,2446383500000000.0,2.182,107.05,3.8,48863610000.0,38733500000.0,488752200.0
2017-05-01,2.00355536965389,105.4594,1125.1359,2449939400000000.0,2.257,107.46,3.5,46211460000.0,39102080000.0,
2017-06-01,1.80627752036898,103.4442,1130.8464,,2.165,105.73,3.7,49496690000.0,40793740000.0,
2017-07-01,2.1670107197870694,104.5369,1131.746,,2.252,105.17,3.6,48073300000.0,39084500000.0,495472500.0
2017-08-01,2.48858137274371,104.0475,1130.27,,2.287,104.31,4.0,49493110000.0,40310890000.0,
2017-09-01,2.00006233960539,105.1678,1131.599,,2.286,103.16,3.7,52870750000.0,42831740000.0,
2017-10-01,1.76179458180724,105.4009,1130.8838,,2.455,103.99,3.7,45604840000.0,37797880000.0,494319300.0
2017-11-01,1.15340253748558,105.6381,1099.7945,,2.54,106.06,3.7,47676940000.0,41385420000.0,
2017-12-01,1.40748583172447,103.391,1082.902,,2.472,107.43,3.6,49168690000.0,42770120000.0,
2018-01-01,0.760018897767184,105.4296,1065.641,,2.626,107.28,3.4,51220790000.0,44387620000.0,501586100.0
2018-02-01,1.25266306129138,106.0563,1078.4747,,2.77,104.95,3.7,50249810000.0,45104210000.0,
2018-03-01,1.21559985650593,104.4518,1069.9418,,2.708,105.8,4.0,49008130000.0,43398770000.0,
2018-04-01,1.52808850393055,107.5459,1068.0452,,2.655,106.43,3.8,49335460000.0,43720260000.0,505496700.0
2018-05-01,1.46905049925163,108.1119,1076.6595,,2.757,107.5,3.8,51050980000.0,44276330000.0,
2018-06-01,1.48040847356634,107.3629,1094.3552,,2.656,106.58,3.6,50110570000.0,46216880000.0,
2018-07-01,1.11898583575217,107.9044,1122.2029,,2.549,105.19,3.8,51159020000.0,44587010000.0,508089300.0
2018-08-01,1.43180566603438,108.3184,1120.427,,2.458,107.14,4.6,52570320000.0,44072710000.0,
2018-09-01,2.08715315976042,106.1627,1119.82,,2.315,107.94,4.1,49945530000.0,43014530000.0,
2018-10-01,2.00250823332688,108.4631,1131.615,,2.338,107.07,4.0,54038430000.0,47474540000.0,510930200.0
2018-11-01,2.03704274399828,106.1584,1125.345,,2.209,107.28,3.9,50828990000.0,46159890000.0,
2018-12-01,1.32039550451391,103.9996,1122.4244,,1.992,106.93,3.7,47292820000.0,43220180000.0,
2019-01-01,0.793019794915716,104.9965,1120.33,,1.991,105.82,3.9,48490850000.0,43643930000.0,511364000.0
2019-02-01,0.461281675180821,101.613,1121.8333,,1.988,105.32,3.8,44212430000.0,39637250000.0,
2019-03-01,0.374679750078461,103.7591,1131.6005,,1.953,104.23,3.8,45191440000.0,41359030000.0,
2019-04-01,0.5559430310014,106.8032,1142.165,,1.889,103.56,4.0,48102840000.0,44210270000.0,518107400.0
2019-05-01,0.679942209963731,105.9275,1182.9527,,1.828,100.9,3.8,46173340000.0,43475040000.0,
2019-06-01,0.72080097996539,105.3668,1173.7845,,1.618,101.33,3.9,43430100000.0,42096400000.0,
2019-07-01,0.605538087027074,108.1332,1177.2345,,1.506,100.38,4.0,45371260000.0,42596650000.0,519165900.0
2019-08-01,-0.037200136735647,106.0042,1210.3782,,1.254,98.89,3.6,45299620000.0,42982790000.0,
2019-09-01,-0.426058410911895,108.5216,1194.1145,,1.42,100.66,3.6,43924120000.0,39846260000.0,
2019-10-01,0.0,108.3524,1183.4473,,1.577,101.1,3.5,45898010000.0,40557640000.0,524345100.0
2019-11-01,0.152018524111548,108.0481,1167.2989,,1.75,101.31,3.7,44005030000.0,41009750000.0,
2019-12-01,0.73847335030508,110.6464,1174.7052,,1.653,100.65,3.5,44000350000.0,42024520000.0,
2020-01-01,1.21961085716598,106.7192,1167.4624,,1.656,100.73,3.4,45939340000.0,41218260000.0,517612000.0
2020-02-01,0.854890193432751,103.208,1195.3358,,1.54,99.06,3.4,44939410000.0,40495870000.0,
2020-03-01,0.826262850455507,107.8896,1218.1945,,1.485,98.34,3.9,44939030000.0,40338770000.0,
2020-04-01,0.0190991244559286,104.5912,1223.1309,,1.504,99.11,3.9,35466310000.0,37227080000.0,503461200.0
2020-05-01,-0.212740336370582,96.61116,1228.134,,1.394,98.58,4.3,35470810000.0,35916610000.0,
2020-06-01,0.220120412901661,102.7824,1206.9459,,1.392,99.2,4.2,38734390000.0,36233960000.0,
2020-07-01,0.446631110931869,104.4848,1198.6186,,1.36,98.67,4.2,41787250000.0,37805420000.0,514615000.0
2020-08-01,0.769424189087256,106.0808,1186.8562,,1.373,98.97,3.9,41273700000.0,36969870000.0,
2020-09-01,0.947952782732442,110.8688,1176.8619,,1.5,99.55,4.2,46047670000.0,39728930000.0,
2020-10-01,0.138943033356324,110.3368,1143.7681,,1.507,101.41,4.3,45174060000.0,39087370000.0,522778300.0
2020-11-01,0.612177199666283,111.0816,1116.0978,,1.61,102.98,4.1,45175360000.0,40319500000.0,
2020-12-01,0.612721748112212,112.1456,1093.7876,,1.675,103.38,4.1,49796590000.0,42129080000.0,
2021-01-01,0.949145768808079,112.4648,1098.2367,,1.731,102.75,4.6,50648430000.0,44542840000.0,530731100.0
2021-02-01,1.41773162939297,115.7632,1111.8137,,1.845,101.65,4.1,49546840000.0,45762830000.0,
2021-03-01,1.90114068441065,113.9544,1130.2543,,2.04,101.43,4.0,51453960000.0,47061900000.0,
2021-04-01,2.49246231155779,113.4224,1117.8555,,2.041,102.74,3.8,50954430000.0,49930740000.0,538119900.0
2021-05-01,2.62469831053902,112.252,1123.6565,,2.131,101.15,3.8,51174220000.0,49610870000.0,
2021-06-01,2.34680573663624,113.2096,1122.6073,,2.103,101.2,3.7,54055060000.0,51090570000.0,
2021-07-01,2.6397671384121506,115.1248,1146.3948,,1.976,100.04,3.3,54574730000.0,53216460000.0,538107600.0
2021-08-01,2.55514522407427,116.2952,1160.9945,,1.905,99.04,3.4,54893840000.0,52147030000.0,
2021-09-01,2.41215008933889,115.1248,1172.819,,2.061,98.01,3.1,54272140000.0,52000590000.0,
2021-10-01,3.16430425234576,116.7208,1181.89,,2.399,97.32,3.3,56147000000.0,54877790000.0,546464300.0
2021-11-01,3.77660105904684,117.572,1184.06,,2.355,97.59,3.1,59602890000.0,56914460000.0,
2021-12-01,3.69779726901225,122.5728,1183.8871,,2.187,97.89,3.2,58920850000.0,57755780000.0,
2022-01-01,3.6124307205067,122.7856,1196.0345,,2.492,97.15,3.2,58507080000.0,60754100000.0,548545800.0
2022-02-01,3.66213821618428,121.0832,1199.1226,,2.69,96.59,2.9,60145180000.0,57706300000.0,
2022-03-01,4.14375490966222,121.9343,1220.8409,,2.784,95.82,2.8,60468420000.0,60385910000.0,
2022-04-01,4.77544616591488,120.0191,1235.1533,,3.219,96.02,2.8,58690130000.0,60268040000.0,553397800.0
2022-05-01,5.39931406173446,117.8912,1268.8081,,3.295,96.16,2.9,60864460000.0,64123729999.99999,
2022-06-01,6.04605585497306,119.8064,1277.4057,,3.64,95.78,2.9,57740320000.0,60985490000.0,
2022-07-01,6.33678857813414,117.4656,1308.0295,,3.3,95.14,3.0,58738130000.0,65984250000.0,556130300.0
2022-08-01,5.712895377128951,114.1672,1319.4122,,3.322,94.15,2.8,58505110000.0,65370999999.99999,
2022-09-01,5.58301831927887,113.316,1396.3729,,3.897,91.23,2.9,55427740000.0,61305520000.0,
2022-10-01,5.67005321722305,110.9752,1426.065,,4.267,90.66,2.9,52636520000.0,60252350000.0,554084900.0
2022-11-01,5.03514007894484,110.7624,1361.79,,3.915,93.83,2.8,51954040000.0,58478480000.0,
2022-12-01,5.03652441368704,106.7192,1293.5629,,3.541,96.11,2.7,52088890000.0,57386320000.0,
2023-01-01,5.167637787754329,109.1664,1243.0705,,3.411,98.32,2.7,50140720000.0,58128630000.0,556056400.0
2023-02-01,4.82431149097815,108.3152,1275.4205,,3.45,96.36,2.7,54181870000.0,59699060000.0,
2023-03-01,4.24288138789366,112.1456,1306.0161,,3.448,94.84,2.7,53250570000.0,56461510000.0,
2023-04-01,3.69677117454376,110.9752,1322.057,,3.319,93.16,2.6,49325280000.0,53015630000.0,559865600.0
2023-05-01,3.3190777240609695,114.912,1327.48,,3.402,94.08,2.5,52508560000.0,54053780000.0,
2023-06-01,2.6797264830899894,112.5712,1297.2514,,3.611,97.45,2.6,53102840000.0,53814700000.0,
2023-07-01,2.26227699098769,109.592,1282.2835,,3.681,98.08,2.9,50325140000.0,49361420000.0,564243500.0
2023-08-01,3.41557724176026,115.5504,1321.7561,,3.86,96.77,2.7,52798740000.0,50459490000.0,
2023-09-01,3.72716423391166,117.7848,1334.237,,3.949,97.25,2.8,53309220000.0,52079150000.0,
2023-10-01,3.80917498397583,115.7632,1351.5071,,4.272,96.9,2.6,55089310000.0,53357030000.0,567012300.0
2023-11-01,3.33638863428048,117.572,1308.154,,3.89,98.72,2.8,55584030000.0,51739810000.0,
2023-12-01,,117.1464,1304.3945,,3.415,97.53,2.8,55007720000.0,52094870000.0,
2024-01-01,,115.444,1325.9119,,3.353,96.6,2.8,58593400000.0,52694920000.0,573667300.0
2024-02-01,,118.7424,1331.3345,,3.429,96.59,2.7,56964890000.0,51702130000.0,
2024-03-01,,114.912,1331.6752,,3.39,96.75,2.8,54649730000.0,51286460000.0,
2024-04-01,,,1367.8555,,3.567,95.02,2.8,56309620000.0,53815650000.0,572357100.0
2024-05-01,,,1364.7241,,3.527,95.17,2.8,58212100000.0,52970580000.0,
2024-06-01,,,1379.0526,,3.337,94.23,2.8,56415540000.0,51760820000.0,
2024-07-01,,,1382.0473,,3.171,93.84,2.7,57107010000.0,52491090000.0,572866100.0
2024-08-01,,,1351.4436,,2.999,94.3,2.6,58465010000.0,54452300000.0,
2024-09-01,,,1330.6985,,3.011,94.84,2.6,57196750000.0,53100610000.0,
2024-10-01,,,1362.3691,,3.07,93.69,2.8,57115390000.0,53209610000.0,573311800.0
2024-11-01,,,1395.02,,3.006,93.03,2.8,57260880000.0,51485790000.0,
2024-12-01,,,1439.9967,,2.771,90.98,3.1,57205970000.0,52745890000.0,
